Tissue,Mean_discruption_all_peaks,Mean_discruption_significant_peaks,P_values
Brain,0.9963202707421235,1.1106719367588933,0.010056624032892956
Gonad,0.9956480163199388,0.9863636363636363,0.8902099754247292
Liver,1.0037865395947019,1.1862745098039216,0.0014455123780315019
Muscle,1.0039657769676995,1.2442748091603053,0.006033656980611078
